{
    "name": "retrieval_goal-0025.json",
    "ceilingMaterial": "AI2-THOR/Materials/Ceramics/WhiteCountertop",
    "floorMaterial": "AI2-THOR/Materials/Walls/DrywallBeige",
    "wallMaterial": "AI2-THOR/Materials/Ceramics/WhiteCountertop",
    "performerStart": {
        "position": {
            "x": 0.82,
            "y": 0,
            "z": -3.98
        },
        "rotation": {
            "y": 270
        }
    },
    "objects": [
        {
            "id": "616d55fc-3e41-4027-8103-c7a4bd7f1c7d",
            "type": "box_2",
            "info": [
                "tiny",
                "light",
                "paper",
                "brown",
                "box",
                "tiny light paper brown box"
            ],
            "mass": 0.25,
            "dimensions": {
                "x": 0.46725,
                "y": 0.28575,
                "z": 0.42524999999999996
            },
            "moveable": true,
            "pickupable": true,
            "receptacle": true,
            "openable": true,
            "shows": [
                {
                    "rotation": {
                        "x": 0,
                        "y": 225,
                        "z": 0
                    },
                    "position": {
                        "x": -3.1047499999999997,
                        "y": 0.15000000000000002,
                        "z": -2.342
                    },
                    "bounding_box": [
                        {
                            "x": -3.139698484809835,
                            "y": 0,
                            "z": -3.081092802208994
                        },
                        {
                            "x": -3.7410928022089935,
                            "y": 0,
                            "z": -2.4796984848098353
                        },
                        {
                            "x": -3.0803015151901647,
                            "y": 0,
                            "z": -1.8189071977910065
                        },
                        {
                            "x": -2.478907197791006,
                            "y": 0,
                            "z": -2.420301515190165
                        }
                    ],
                    "stepBegin": 0,
                    "scale": {
                        "x": 0.75,
                        "y": 0.75,
                        "z": 0.75
                    }
                }
            ],
            "salientMaterials": [
                "paper"
            ]
        },
        {
            "id": "trophy",
            "type": "trophy",
            "shows": [
                {
                    "stepBegin": 0,
                    "position": {
                        "x": -4.722976988346378,
                        "y": 0.08,
                        "z": -3.182239255956585
                    },
                    "rotation": {
                        "x": 90,
                        "y": 180,
                        "z": 0
                    }
                }
            ]
        },
        {
            "id": "suitcase_small",
            "type": "suitcase_1",
            "salientMaterials": [
                "plastic"
            ],
            "materials": [
                "AI2-THOR/Materials/Plastics/BlackPlastic"
            ],
            "shows": [
                {
                    "stepBegin": 0,
                    "position": {
                        "x": 2.330445695950612,
                        "y": 0,
                        "z": -2.7098802783211373
                    },
                    "rotation": {
                        "x": 0,
                        "y": 0,
                        "z": 0
                    },
                    "scale": {
                        "x": 0.5,
                        "y": 0.5,
                        "z": 0.5
                    }
                }
            ]
        },
        {
            "id": "suitcase_med",
            "type": "suitcase_1",
            "salientMaterials": [
                "metal"
            ],
            "materials": [
                "AI2-THOR/Materials/Metals/WhiteMetal"
            ],
            "shows": [
                {
                    "stepBegin": 0,
                    "position": {
                        "x": 1.5,
                        "y": 0,
                        "z": 0
                    },
                    "rotation": {
                        "x": 0,
                        "y": 0,
                        "z": 0
                    },
                    "scale": {
                        "x": 1.25,
                        "y": 1.25,
                        "z": 1.25
                    }
                }
            ]
        }
    ],
    "goal": {
        "category": "retrieval",
        "description": "Find and pick up the trophy.",
        "last_step": 3000,
        "metadata": {
            "target": {
                "id": "trophy",
                "image": null
            }
        }
    },
    "answer": {}
}