{
    "name": "retrieval_goal-0115.json",
    "ceilingMaterial": "AI2-THOR/Materials/Ceramics/ConcreteBoards1",
    "floorMaterial": "AI2-THOR/Materials/Metals/WhiteMetal",
    "wallMaterial": "AI2-THOR/Materials/Ceramics/ConcreteBoards1",
    "performerStart": {
        "position": {
            "x": -2.84,
            "y": 0,
            "z": 2.86
        },
        "rotation": {
            "y": 225
        }
    },
    "objects": [
        {
            "id": "9d21d723-23de-4994-9f32-99b0bfcc06da",
            "type": "box_2",
            "info": [
                "tiny",
                "light",
                "paper",
                "brown",
                "box",
                "tiny light paper brown box"
            ],
            "mass": 0.25,
            "dimensions": {
                "x": 0.46725,
                "y": 0.28575,
                "z": 0.42524999999999996
            },
            "moveable": true,
            "pickupable": true,
            "receptacle": true,
            "openable": true,
            "shows": [
                {
                    "rotation": {
                        "x": 0,
                        "y": 135,
                        "z": 0
                    },
                    "position": {
                        "x": -4.16475,
                        "y": 0.15000000000000002,
                        "z": 2.628
                    },
                    "bounding_box": [
                        {
                            "x": -4.801092802208993,
                            "y": 0,
                            "z": 2.549698484809835
                        },
                        {
                            "x": -4.199698484809835,
                            "y": 0,
                            "z": 3.1510928022089937
                        },
                        {
                            "x": -3.5389071977910063,
                            "y": 0,
                            "z": 2.490301515190165
                        },
                        {
                            "x": -4.140301515190165,
                            "y": 0,
                            "z": 1.8889071977910064
                        }
                    ],
                    "stepBegin": 0,
                    "scale": {
                        "x": 0.75,
                        "y": 0.75,
                        "z": 0.75
                    }
                }
            ],
            "salientMaterials": [
                "paper"
            ]
        },
        {
            "id": "trophy",
            "type": "trophy",
            "shows": [
                {
                    "stepBegin": 0,
                    "position": {
                        "x": 4.400484959672919,
                        "y": 0.08,
                        "z": -1.676319244182165
                    },
                    "rotation": {
                        "x": 90,
                        "y": 180,
                        "z": 0
                    }
                }
            ]
        },
        {
            "id": "treasure_chest_small",
            "type": "chest_2",
            "salientMaterials": [
                "metal"
            ],
            "materials": [
                "AI2-THOR/Materials/Metals/BrownMetal 1"
            ],
            "shows": [
                {
                    "stepBegin": 0,
                    "position": {
                        "x": 2.4631927959184328,
                        "y": 0,
                        "z": -3.2269712014338303
                    },
                    "rotation": {
                        "x": 0,
                        "y": 180,
                        "z": 0
                    },
                    "scale": {
                        "x": 0.3,
                        "y": 0.3,
                        "z": 0.3
                    }
                }
            ]
        },
        {
            "id": "suitcase_med",
            "type": "suitcase_1",
            "salientMaterials": [
                "metal"
            ],
            "materials": [
                "AI2-THOR/Materials/Metals/WhiteMetal"
            ],
            "shows": [
                {
                    "stepBegin": 0,
                    "position": {
                        "x": 1.5,
                        "y": 0,
                        "z": 0
                    },
                    "rotation": {
                        "x": 0,
                        "y": 0,
                        "z": 0
                    },
                    "scale": {
                        "x": 1.25,
                        "y": 1.25,
                        "z": 1.25
                    }
                }
            ]
        }
    ],
    "goal": {
        "category": "retrieval",
        "description": "Find and pick up the trophy.",
        "last_step": 3000,
        "metadata": {
            "target": {
                "id": "trophy",
                "image": null
            }
        }
    },
    "answer": {}
}